x,y,label
-3.5956807871044845,1.2419098210774742,0
-6.6174768866082125,-0.8490002813599307,0
-1.437190298002735,7.591891441246415,1
-0.5159021135149624,5.809907781975948,1
-0.1042059958532664,6.691836224395578,1
-1.6011141005043117,7.679717380747882,1
-5.956248647139868,-2.3684173086624924,0
-6.996291807659508,-2.257769359098754,0
-6.079527219367014,1.2703200079336938,0
-7.732217797478742,-1.7700913596791539,2
-1.6321258746703156,7.596223947790754,1
-6.321129272084763,0.014788891111181923,0
-1.179395566710829,10.588411551567718,1
-4.20829269548463,0.14034770123920726,0
-6.190375195801183,-2.9420928865924036,2
-3.9166651694163397,7.9793031388032505,1
-5.992149567889802,0.7435422660571422,0
-5.23287243673954,-0.775554638950098,0
-3.289092183952276,-0.9764261690478864,0
-6.079732608682035,-2.1549204095675583,2
-3.8056209302479016,7.6933422007061845,1
0.84788922291634,8.193247036574842,1
-2.618932603440385,7.333612961308515,1
-6.255607121759979,0.7330486114404244,0
-5.943695147074181,-3.527593867054952,2
-6.873609095530805,-1.379616866156051,0
-6.0306222626778,-1.8370736316064267,2
-4.248115047536002,0.6560215705504944,0
-6.780602819947909,-3.3397334612271967,2
-7.156108098385441,-2.1365446721875534,0
-1.4438277010381606,7.494397375943331,1
-4.076593731731652,6.910283699256216,1
-2.701635868710865,8.16023399729891,1
-2.225078416299425,6.516305526094005,1
-1.0505397603059394,5.020640318916605,1
-5.457254377568221,-2.701056631911512,2
-4.177743914261554,-0.9266845821600194,0
-4.791479720456594,-1.7067942622856747,0
-2.3802841985128707,7.25860049731409,1
-7.63982839887011,-4.820515118123881,2
-7.214363276790085,0.9357874472705741,0
-7.864698624349817,-2.333750898699473,0
-7.691247483621789,0.12005467353622756,0
-7.367524538609066,-0.17764929618853564,0
-0.4250235318913569,6.17886363842406,1
-6.8256481517021665,-0.41920222529270346,2
-0.32381948155672147,9.312872426803645,1
-6.471164734288182,2.7276798942429727,0
-5.73520124237114,-1.1069616268088636,0
-6.24975030735258,-1.7040728941370766,0
-4.380378861557549,2.735905128873211,0
-4.715056262424432,0.5553023367869092,0
-7.160193482669822,2.160996142846593,0
-2.3945839257321326,5.525973997412658,1
-6.862219997782776,-1.08272252000011,2
-4.947209038782413,-3.8805632848838205,2
-6.630181879690062,-4.312270773916506,2
0.49741170398890233,5.538520806322331,1
-7.437679841466743,-0.6623691089530381,2
-2.4818708308929525,7.248686993127166,1
-7.492786684284006,-1.8466022742195976,0
0.08997388754280022,7.809487447307453,1
-7.540958646253226,-4.05442014971996,2
-2.8317772840094584,-3.3544152362952326,0
-7.813051490757717,-2.8068910649047822,2
-8.438839304166251,-4.141212888305283,2
-1.598069649912218,6.626842838671949,1
-7.547823400662664,-2.631408463796254,2
-2.566863140296599,5.777174358707477,1
-2.2126726968548116,7.3832068106141655,1
-1.8394296029619701,8.217958503200325,1
-6.63255039071203,-3.5391320327161666,2
-7.321573224843984,2.490702032422274,0
-3.321098984543806,7.759296105444554,1
-1.498299168063515,6.598674135504867,1
-7.1162741934885885,-2.0482650605698907,2
-7.961827185041849,-0.6683825099566507,0
-2.187481816592947,6.670612317417338,1
-8.302504513572908,-2.394954061733443,2
-1.9726365940236121,6.84096115078904,1
-7.467678844371624,-3.3614882885213184,2
-5.3562485736812055,-1.1571959083965104,0
-6.670334021460407,-5.512073610704203,2
-5.778400151346162,0.3497865077120871,0
-3.7484925166789576,8.223751063166809,1
-2.280521165540426,6.059656905425195,1
-6.4746253169637065,0.6152065592357268,0
-5.9852334267960225,1.338630620499394,0
-7.5098850432347835,-2.114977986829139,0
-0.8340030634324509,6.897905545050336,1
-5.835528170342899,-1.9819850115589361,2
-4.803437500327737,-5.044585708415723,2
-5.829369200146774,0.9875726749216296,0
-2.7186872063172305,7.420927955955788,1
-1.5263253192095716,4.52344843970716,1
-7.896546082952571,-3.8008133591369893,2
-5.473236098231237,-3.738247819817317,2
-4.707354797481094,-2.826267842607283,2
-5.3861196118186525,-1.044133737362213,0
-1.4804132442811415,7.103441928429281,1
-1.82299576490497,7.5569394865410136,1
-5.133967747494942,0.45278985675038086,0
-6.328687941226524,-3.825465420619835,2
-2.697552782956171,7.97840447525175,1
-0.5968739855899404,8.081881344614148,1
-6.555467004151733,-4.7203867974919,2
-4.016934494921743,-0.0525606293740119,0
-7.696622804051534,-2.1440166112740506,2
-6.058821940733341,-1.6249200391797045,2
-3.629341428986415,-1.4391501525345403,0
-6.039088804608663,-0.8543946814405297,0
-7.811941615396967,2.1773286423893174,0
-5.866704823335114,-4.730869593787556,2
-6.416805396946209,-2.646712921206196,2
-2.5593053165276634,6.898794689087168,1
-3.72669396375499,8.643548842871652,1
-6.770507962207175,-1.2494752685808672,0
-0.291121839354894,9.599053990128422,1
-5.961016992618901,-1.5489859705249636,2
-5.469751276776091,-0.52934871501332,0
-3.7914049242219576,-3.80263922066286,2
-4.2020764824794306,-1.0234870214906033,0
-5.6666665628879205,-0.6529327817384696,0
-6.982401850388662,1.6419224186262582,0
-6.357918857985118,-1.9850091742261242,2
-7.242216812910048,-2.8124057309214985,2
-6.410141416904828,-4.457593751152269,2
-7.304202551206738,-5.188048256073648,2
-4.706624958011093,-0.6273144785317175,0
-7.652491286796459,-0.36689526169355846,0
-4.909460595620397,-0.9768002882749415,0
-5.700810271071312,-2.634419077345851,2
-6.690344451274527,-2.4775217055483663,2
-1.7483994999788208,7.873207010788319,1
-2.3439343668180608,5.29550487653566,1
-4.9100015359862565,-2.801253517136402,2
-4.102763561430421,-2.0107349853260414,0
-5.80018604565943,-4.3659086812757435,2
-5.0172567668636034,7.83427503460366,1
-5.280306432437955,-3.890928467743119,2
-6.465293843962613,-2.4243654425303043,2
-1.184961031397962,5.949613685986765,1
-5.892528439937861,0.6676718181024957,0
-5.073496286850436,-1.6703132796829638,2
-0.4687103622492661,5.767065767548283,1
-2.6525471246732817,6.495771746676035,1
-1.0093408491329892,7.208121435439647,1
-4.375992060466248,-1.1881053768535939,2
-6.045604273475402,-4.79088810834621,2
-1.8006541868599686,5.105704810157446,1
-2.180257698738504,7.979878409370161,1
-5.541604817874486,-4.197292386193681,2
-6.152994614569594,-0.8554330737533227,0
-7.98091592431308,-2.4032812305584206,0
-4.461072123112918,-1.1706984111196277,0
-7.243903796546044,1.7244674456993319,0
-6.6105747947880396,0.11577536263645372,0
-4.560440652605393,-3.362274868884305,2
-7.359519031653237,0.00641228117126208,0
-5.983013474803424,-0.8794593498554635,0
-5.2413092284106515,-1.7868375359455542,0
-7.028529608124242,-2.791543224969012,2
-5.246260487816871,-1.1076159851919276,2
-7.348614446244831,-2.0058915446545935,2
-4.78926648459384,-1.2677994664323675,2
0.47804115762795174,10.405530823217402,1
-3.5796503292246964,8.07040586682299,1
-7.335025584845864,-2.956772100602327,2
-6.251150366241852,-2.124852804091031,0
-7.470453240945713,-3.694950213976701,2
-0.7516069624236179,5.932236079433829,1
-6.657536246389023,-3.949616095938028,2
-0.2600602764788771,6.723378826252564,1
-2.2313540488059447,7.9025186268252074,1
-6.049079532612474,-1.2559728593951216,0
-5.663061261808987,-4.39067328363816,2
-5.235124979743867,-2.8945588958123816,2
-5.417406147612681,-4.388789144816805,2
-2.360241374337957,8.088379659314258,1
-5.7961631108390845,-0.6432993899791573,0
-1.6350248508505367,8.146705939723025,1
-7.1741720618220235,-2.103444033660019,2
-7.814639725763861,-3.622016873450578,2
-0.9459029422494935,5.9113559971733345,1
0.4653455915793878,6.986428934522679,1
-7.5514079042451785,-0.9256381050374676,0
-7.960386277721214,-1.4411271879486507,2
-7.242344011316045,-2.5177544250060526,2
-7.319921525991073,-1.6431410132379576,2
-1.0929862255682092,8.84568982218187,1
1.354159661482719,6.530407855907345,1
-2.7429046403206514,9.232148604695393,1
-6.786646450307085,-4.874818805200075,2
-5.972108668763622,-2.884621843835209,2
-8.49764079904388,-2.6301754451338923,2
-6.5171564493981045,-1.583483642811588,0
-7.406730290709185,-0.713754087700296,0
-6.992303005789161,-4.524784343006214,2
-6.283005238509437,-0.7348972796959257,0
-0.8882707982659684,7.539124716236564,1
-5.801745333456049,-4.919524567308287,2
-2.2643250768374963,7.893335833259639,1
-6.014836688284691,-0.5083398545798884,0
-7.545678776869134,-2.8575943608998315,2
-7.045979202497105,3.3031517550189315,0
-2.388721670189457,8.080511797455893,1
-8.55636218572938,-4.461538169615663,2
-2.277966704484204,4.797430898744594,1
-7.711585099769223,-2.233053564248328,2
-1.7215511627810327,6.48859601273967,1
-5.838882621090742,-4.605323567181982,2
-1.8351975169354864,7.687907638972979,1
-5.569843590784191,-7.411268486265483,2
-6.0216040049730175,-2.5867160078265554,2
-0.6051175735023296,7.735145284866303,1
-6.208577255273347,0.22199889579280352,0
-7.539970739547607,-1.0943508786297231,2
-1.7551089458198725,10.946119397124967,1
-7.443079458066185,-2.583862836693348,2
-1.7901871229824093,9.389238849954655,1
-4.933488934182013,0.9112331409489811,0
-5.9841766442658635,0.7533530445500685,0
-4.860846437442089,-5.352387511955292,2
-1.8710165633539937,6.34432679738781,1
-2.819379076640719,8.673633229861528,1
-3.598801382660013,-2.2847143973006374,0
-5.844712524306098,-4.434245961836765,2
-6.043872983993094,0.29391771081788376,0
-3.3402797689599346,6.920617497013733,1
-4.331897513944012,-3.224815256546183,2
-6.7199770783704285,-3.6667992943068057,2
-2.372107520764342,6.5448290243342955,1
-5.310931781096941,-0.44257380842256117,0
-7.238493735570781,-3.594508456095817,2
-6.474559197188043,-3.7604244711597623,2
-6.702022304076475,0.958120677549259,0
-2.2406826267103366,5.606901532574499,1
-2.391114933937898,6.327783599218158,1
-6.3620540602242235,-0.06325923058826194,0
-2.744865493311572,3.11714798369129,0
-4.867397611928715,-2.6607280675677325,0
-4.509183635808999,-3.1736822439536527,2
-6.877977898236361,0.29296447107209134,0
-3.6526153756082436,7.300840319961695,1
-1.503648898243722,6.310446377535141,1
-1.9137652951482391,6.39990595907182,1
-1.571204974266768,7.788289026566902,1
-7.119611584547517,2.0992937878985525,0
-6.532702004447454,-0.5980712778817954,0
-6.833501477738936,-0.9726672617769007,0
-6.579785108397414,-4.353062790710055,2
-5.779975208318225,-2.1916194909781606,2
-7.1155033096255,-1.3238225860750192,2
0.5023314433085377,7.800790231337305,1
-8.243010696468659,-1.5728452316840353,2
-7.09461531394812,-4.102509287905466,2
-5.497155938353876,-0.1792055236447659,0
-5.9781634493420475,-3.1051852305791035,0
-1.2571145715385184,9.910917126760339,1
-6.4306301388200096,-3.4479494409635927,2
-5.840498440687739,-3.090625255667596,2
-5.264495464132235,0.7816692085530283,0
-6.285540574825131,-0.38115511194758545,0
-6.405275302494984,-0.2953016674805149,0
-1.9511112437343396,4.930474117202629,1
-4.99603793639295,-4.050591588589854,2
-0.21537954497141976,7.62245637577074,1
-3.768722679286345,7.929986252084315,1
-3.369648210391808,0.1371598503249648,0
-5.795972151660083,-2.445326287130239,2
-2.289321683015416,6.9309956064059355,1
-5.706695763224264,-0.26900586247278463,0
-2.3160798774655946,8.334186787253758,1
-5.528172223986429,-4.333719392011774,2
-1.1118017006074452,8.244908118801824,1
-5.608804594892247,-5.504804320315939,2
-5.40823360831064,-1.5957325102993514,0
-5.352811282673065,-0.7326486011518523,0
-4.549467806293841,-1.5153765563063026,0
-6.399610119570038,-3.803025292818163,2
-6.517867945129415,-4.4320567426638116,2
-5.409052801282076,0.4220986572769303,0
-2.5091971786461396,4.882633501288782,1
-7.32193274604591,-3.6864436864047034,2
-6.975921855656132,-2.109835482965761,2
-5.99113555893936,-1.140162363380004,0
-0.6878916181419275,7.1143290480541035,1
-6.862083698020961,-3.5053023264938767,2
-4.585601983967585,1.773616170210206,0
-1.1313648974504678,6.550692509487588,1
-7.289925467497536,-3.3989204128142325,2
-6.854666963468745,3.026335286818711,0
-1.916101026511205,7.563256755139089,1
-8.5404491484393,-2.3506357264081865,2
-2.3553618965793475,5.9884348056727355,1
-2.4026701417429326,7.880099427712088,1
-4.373181364626211,-0.5181501736822307,0
-7.335728331144692,-0.3510151816225663,0
-1.8272694482003249,6.2113456109312395,1
-5.619565181802114,-3.1327230582008156,2
-5.950199905818071,-5.665404672023606,2
-6.542565502509162,0.6847844943688908,0
-6.852746001766225,-5.352205526420081,2
-7.879552419181822,-4.570673584474174,2
-4.1890802118346855,7.685344700973948,1
-1.4249178124823139,7.028391441010836,1
-7.668458823432912,-3.183191189260437,0
-6.398697102680249,-1.0173358469773324,0
-0.5070763199464414,8.065610238709601,1
-0.991876775436914,8.121229326919613,1
-6.508246642403317,-2.5902988810274223,2
-4.498613989686921,-0.8898739880995765,0
-5.580623270343442,1.0519440067378025,0
-6.825078593102137,-0.9402157586367351,0
-8.629069910712953,-2.1097051467630936,2
-6.0100689013546,-3.473189864443535,2
-7.289160355150296,-3.3344716393206757,2
-0.8574780736242669,9.213789241462527,1
-4.535689328155469,-0.8578036091641448,0
-1.0276504813381124,9.490506098760044,1
-6.671870524053177,-0.14174460481422566,0
-7.479988524448296,-3.9172505843028906,2
-7.138284268160488,-0.9294285804807179,2
-4.84332581001251,-2.915260732435353,2
0.5219766546918692,7.988577423121271,1
-6.349206739256564,-3.8426774399335373,2
-0.6366267048829162,6.149357002709896,1
-6.190754679452707,-0.880463237238982,0
-6.926076173632079,0.513099835982336,0
1.7115669132588462,6.632076469574258,1
-0.3403473905755694,6.038985628022425,1
-7.206840040864784,-3.4493976817382115,2
-2.3950343685715803,5.684635516188547,1
-5.911502874760726,-1.889929783577975,0
-7.652384082150918,-0.769234316828149,0
-5.350435789123078,2.942761729013292,0
-4.762641713474259,-0.18630656219155597,0
-0.8084251721900371,6.398971618724851,1
-0.35507077644122687,8.639783858865313,1
-5.4560489063572595,1.9403202403166881,0
-2.944224612217577,9.206176817000722,1
-3.6828207378534654,-2.007127005631218,2
-4.623686994029754,-0.193461244348001,0
-5.842929491479277,-5.639498528386107,2
-5.990889097364315,-4.580966963287515,2
-4.438791604868316,-0.5643848239531031,0
0.2533578498610425,6.937421860859721,1
-5.914912316817173,-2.6553529182186995,2
-6.222150860093906,-2.439121619390826,2
-5.506186049027611,0.8099063061923784,0
-8.647271705302302,-2.91923375287581,2
-6.109264840508497,-1.9024833881524261,2
-5.6256517709674325,-2.1621465067798544,2
-6.876335684834727,-0.8213266030667045,0
-7.57191134137446,-2.8275359781905425,2
-7.21489721169376,0.960569123087593,0
-7.360838856196702,-1.7209840204811615,2
-5.817777757310061,0.133505010201747,0
-6.187886451292385,0.49185802969093884,0
-5.9001830427483135,-2.1106787814397325,0
-0.5731871511465225,7.268803263375878,1
-6.350018073372878,-2.5197078987867285,2
-1.9317888811785227,8.905138634223034,1
-4.239995652722447,-4.637010792400705,2
-2.172660975616237,7.199842530327811,1
-6.71005538560396,0.3004799907023731,0
-5.315078756413672,-0.56804808336515,0
-5.20961173904997,0.5715472765128972,0
-4.994685025220812,3.3240976057960436,0
-6.458365987133464,0.44272530480744454,0
-4.627215703666163,-2.4628752053868914,2
-0.881847098231096,8.19369341960585,1
-7.727029688877225,-4.167440250289392,2
-4.245302808662783,-0.5891790123747426,0
-4.914202728953791,-0.17965505713715307,0
-4.564070424720191,-1.6724132062563828,2
-6.060282447183441,-0.27509601095510616,0
-5.872954469036887,-3.724334843966461,2
-6.513054140374481,-5.036604725523885,2
-1.5524892274717081,8.54889514081938,1
-4.406422541586643,-1.8015452754352643,0
-0.7518218238330059,8.07659418884105,1
-2.3428870986563233,8.191087300393173,1
-0.8382825462989661,7.446385229175101,1
-2.3859761644742057,8.469042705250256,1
-5.0890499238266775,-0.8545376612063994,0
-7.615454031756633,-2.7891153044355312,2
-7.432185807026729,-0.16756921509494654,0
-6.260524463261299,-4.385556480699859,2
-5.447927560653023,-4.351155111826984,2
-0.8862557405694155,7.781774699364551,1
-9.034914682840565,-5.606320145595522,2
-5.877868209551677,-0.809976128571575,0
-1.1796505867931992,8.150287391097118,1
-7.0972735513547285,0.3057405827202254,0
-1.3630025828622654,6.5871099955942025,1
-3.3529080114533176,5.969002755137518,1
-3.4642465446140482,7.995763113354033,1
-9.148055293096425,-3.938831878157256,2
-3.5497663141177633,5.3978486481194,1
-7.634998077021457,-3.9409080927733107,2
-5.026355771033036,1.7293572219256745,0
-6.82770393202006,-0.6991211527763681,0
-1.4598975499026747,6.767517457543977,1
-2.2754877984601523,5.598863551631013,1
-3.166901240756549,6.86176632004627,1
-6.965888426771803,-5.030455445536507,2
-7.568898108715814,-4.428413266948462,2
-6.586698687313821,-3.949365770738641,2
-5.817315507710494,-0.03591951091972728,0
-7.061007489347258,-1.9070319541908833,2
-6.644228049615287,-1.40932380869494,0
-6.021650438213396,-1.4141017017173558,0
-5.322341913098159,-3.1791616703136527,2
-5.784158938773031,1.143729026812604,0
-2.1678466251948825,6.211444165610867,1
-7.857884641401593,-0.08775933230705935,2
-1.1779014845978755,7.7789652625517025,1
-4.7326168946972,-5.151335396631953,2
-4.8919399348180965,-4.135180659621871,2
-4.054366323880325,-1.143511780163732,0
-6.37166304786978,-2.2937553751383772,2
-8.707462106252377,-2.411209372017776,2
-7.585946520110069,-4.958198096309576,2
-2.430189919299189,7.844594523833957,1
-2.0506184253529356,7.872738915328064,1
-4.605596770583162,0.15237080619177512,0
-0.8273582886027165,8.370455333850774,1
-3.0196212360406185,7.062248770461293,1
-1.9839410315644923,6.894361682359208,1
-5.3069499774752025,0.8431395597584805,0
-4.634344768381125,-0.20011357112918982,0
-6.58387171516774,-3.425543002796606,2
-6.803846661315667,0.41339664587972036,0
-6.765002124679889,-2.451261286835528,2
-5.648772687605964,-2.421060710929844,2
-1.9990254529735498,7.860047526400529,1
-7.09351974018298,-2.6832962596802297,2
-5.896822656440569,-3.5202703341244352,2
-7.131965317523849,-4.551876964075323,2
-1.197935126476588,7.654746190084936,1
-7.445681011796109,-2.505176343359619,2
-4.783896021090621,-1.0156042001706687,0
-0.5378934708680323,9.49575185134872,1
-3.304625507693595,0.35842884465661295,0
-1.8701842428063433,6.443954519770388,1
-6.022701927035461,-5.665216516398912,2
-0.0009973911918765843,5.534103661015825,1
-5.925770356760694,-3.798224938695639,2
-1.857665562919977,6.042097951017083,1
-5.956083053892349,-4.136568575323963,2
-3.937278103836012,0.198879900549205,0
-7.257832556237036,-5.058109159340473,2
-0.806234790679377,8.654963612616783,1
-2.2263543437033784,7.4626746569003135,1
-5.991952043733978,1.1409703077491404,0
-5.054032401865075,-3.5040161502184044,2
-6.561914997708723,0.8024170289006363,0
-4.079925261681649,0.7655139161571467,0
-1.08685094075794,5.895589322192599,1
-10.01947951077128,-2.069873033281171,2
-5.685622126275684,-4.031289997540143,2
-2.4131899098865732,0.11066294022498085,0
-7.57862258388837,-3.120147203517785,2
-0.9375991541313285,8.030299160788479,1
-6.780583873793783,-3.6876687721808357,2
-1.4845847752070642,7.229246281179329,1
-6.544915114481335,-3.096656030962264,0
-5.167659468364188,0.02914534565488963,0
-6.255908525954494,-3.2806814417320704,2
-6.6952634941826625,-2.8482995247393363,2
-5.8686338830532145,-2.185967118785631,0
-4.723133128440423,0.6497623373288508,0
-0.8100039503758343,6.028530861310776,1
-2.42451256198927,6.824201836815594,1
0.29162002307936175,7.448509325268227,1
-5.395118339161425,0.30052087167729813,0
-3.073693496544853,7.2764220219139,1
-4.240051731456539,-1.884864548133463,0
-7.692927495799283,-3.2077563392482764,2
-0.9686711485256556,8.762178767282688,1
-5.588779637207123,-1.3614759456296202,0
0.4309558773054625,8.782725058547669,1
-0.06716358734384831,8.655365267406033,1
-6.340500454618333,-2.315707572688148,2
-2.262359049624585,6.144414672368879,1
-7.82458393069853,-3.1678598650423457,2
-5.221095343660954,0.8976503876626478,0
-6.426549181747173,-2.6605656546261476,2
-6.217008833323046,-1.3100098083697418,0
-2.7718638023595794,7.476842522689218,1
-5.758470287853997,-1.7190353764671087,0
-4.795047304702755,-1.8392323958341985,0
-7.223141413984893,-1.5002348812556399,2
-1.8239983589951312,8.830986558625407,1
-1.6549516523202656,7.4053574685639765,1
-0.7667532552611956,5.977268505192853,1
-4.82478525250574,-0.4407530375464584,0
-6.21561658507242,-0.939350905317911,0
-7.196486804490819,-4.020988829753813,2
-2.064667786961497,7.506667234236265,1
-6.642592462456676,-5.100320301480446,2
-6.6700617994980735,-2.638105724553401,2
-5.677024437897755,-0.3627789928343608,0
1.0197183472283005,6.377386024370227,1
-5.281324315999056,-1.0206943983010157,0
-0.9026303088145956,7.524185207195097,1
-6.575201723835542,-1.306765540845986,0
-6.768239052783429,-4.2428557273538825,2
-7.863832091184114,-2.341856963007774,2
-1.2274530837684672,6.6653837478989555,1
-2.4903655924352996,6.425686746655032,1
-1.576708806949033,7.120806295835688,1
-1.0258798352163294,6.981442300055943,1
-4.666823761172324,-1.430825819892101,0
-5.501541769888432,0.5047333230400652,0
0.650316179560539,6.954858475916703,1
-5.841381553104635,-1.0818057350108141,2
-2.608151646868634,7.505417509154658,1
-1.6333875791488701,5.879783816469396,1
-3.9756675387034024,-1.5878805502080824,0
-7.217387928160578,-2.6397357198993503,0
-8.99541692580616,-1.8657174960249285,0
-2.365840102053895,5.273175838519033,1
-5.000358036396582,-6.688619673259316,2
-8.870360231971006,-2.9954279064913134,2
-4.1027657059871,-1.6856649089390652,0
-5.9038756796741465,-1.4870896458026066,0
-0.34108260708833904,8.189030367319365,1
-4.124251355983214,-0.7883375810987883,0
-5.237948824244704,-2.3026807078287845,2
-8.859802699117585,-2.740878010596228,2
-0.2967208963782477,6.93082387910398,1
-7.226924058679582,-2.8376864020809576,2
-2.1183802113827275,8.819899729887887,1
-1.9748414747345944,6.003529544401215,1
-4.394683136435235,-0.2609314189935757,0
-5.125486595412623,0.5364023303586705,0
-1.7635087173478265,6.5898584740057125,1
-8.095570900353133,-5.276026941220429,2
-3.319712536677457,7.884307493919664,1
-6.065563186835682,-3.1651588133919764,2
-5.012527119052407,-3.6833704920092054,2
-1.8970350454601699,8.241426365691302,1
-6.808871661922631,-1.0455227128586322,0
-1.8318504470445047,5.758959494479829,1
-3.0038431239475063,8.475028686839888,1
-3.4814588141974636,-1.5785994238250494,2
-6.817514168075887,-0.4799301428452219,0
-6.007372676286666,-1.7225210776669788,0
-1.7486713945682453,6.417338030123046,1
-0.04892354713099989,8.07457941428171,1
-5.506854508155038,0.836976008029694,0
-5.273801853607667,-1.8440394660313626,0
-0.5861777925429643,7.3641280390066735,1
-5.82347735660165,-2.1350184085977006,0
-1.392235272307028,5.384125272678038,1
-5.087322582642664,-2.0145348161745975,2
-3.1007250917605127,7.568514727475188,1
-5.145258948115605,0.5584112560153873,0
-6.0234980548180825,-3.254542571423635,2
-1.6885421458120322,7.361038724926693,1
-0.08962841901402929,5.744606285008535,1
-2.40138257286715,7.04892787073329,1
-8.562134633998973,-3.276519984678147,2
-7.4321894284125,-3.7211298196313267,2
-5.916715872986829,-3.8683603431824256,2
-4.85426464472595,-2.089527097953286,0
-3.938373730878479,-3.0721000733447505,2
-4.4188192756958875,-1.194230639787806,0
-5.421997190352514,0.4961471519315953,0
-2.060000146317747,7.335329197396811,1
-4.783108899642352,-3.9162729190353,2
-7.171574994226198,-4.193379526793765,2
-6.58761178051401,-5.1642732794768005,2
-1.1968855620297656,5.271699703442523,1
0.4459045860235604,7.4795606871595846,1
-1.0811627652868279,7.04205680079924,1
-6.7440478128946575,-0.40994526351204774,0
-6.926825209817585,-0.9266709766816408,0
-5.119813452357875,-3.267699021928836,2
-6.128925899723477,1.1449844621167444,0
-5.165425099286193,-0.389559659970975,0
-4.457247768736525,-4.744407817929654,2
-5.5493185895045105,2.6139786417306734,0
-6.044674179245983,-1.8060051629640526,0
-2.075182304417494,9.987579324847662,1
-6.195047143627835,-2.5005153096213313,0
-6.626113341687188,-2.313239555346409,2
-0.6540104516326801,7.060551423505128,1
-6.658961416872284,-0.27182911140044397,0
-8.345296415512971,-3.8286257266345247,2
-2.921403239834367,4.946961422623755,1
-0.7110202226136817,8.544925297802028,1
-4.858949685832302,-4.793979288773824,2
-3.786781873752731,0.050566143927846474,0
-8.38795981436435,-0.23730339615994384,0
-5.495572437224682,-3.4957726796542934,2
-4.426600125164146,-0.6895921455080434,0
-6.949121737217673,-0.6952402947929901,0
-6.58205056660555,-1.7627257208156333,0
-6.770482251121637,-0.5108598856229088,0
-2.520308809421538,8.590413728398335,1
-6.810627972627714,-2.5875550658710234,2
-8.491054175235343,-1.0853799288463204,0
-5.2942559440217565,-0.823665258809151,0
-4.312248360708674,9.229855118908029,1
-6.489174146561451,-5.761359738636267,2
-5.580919073504132,-2.7586173668505016,2
-6.209954311637689,-2.9591142173260314,2
-4.383396431291245,-5.144780005088155,2
-5.26969562226667,-2.358427297647666,0
-2.2105155093767808,5.675942958483525,1
-6.513037388985107,-4.62755708354272,2
-4.044821139187524,0.29992183582127674,0
-6.159656415806212,-1.1629812866403029,2
-4.4286320190268595,-3.0604460940593468,2
-0.41542482212536425,7.133758982478943,1
-2.4456562970188918,8.581148972692615,1
-1.038582356684929,4.308970007732055,1
-7.317719076327503,-2.0637284190245344,2
-1.6798801721612278,4.498282527164895,1
-7.263828037083236,-2.548387440131443,2
-4.1806324818060325,1.5988348748226366,0
-4.266555884492814,8.035107958488348,1
-6.8842374076781905,-4.417717218423719,2
-6.354307113898211,-2.2643695780927926,2
-1.493757823443477,5.88051114981589,1
-7.38762317754237,1.332218921336318,0
-2.895097099790095,5.84502322152543,1
-6.263841929151813,-1.6250107426276694,0
-5.713992024269056,-2.1520744695194525,2
-4.833093848368429,3.023036526926469,0
-7.442946459516788,0.5861435226281364,0
-6.830893570834636,-0.2999958727036358,0
-9.458248000159553,-2.9202358335422063,2
-2.9346598107593245,6.247154485213397,1
-7.230982613774817,2.323585788113474,0
-6.52581089657729,-3.2302590541661447,2
-2.450309064802384,7.269427740033686,1
-7.447151106237003,-3.675287695435692,2
-5.900085346059212,1.1270087603297965,0
-0.4358235859484372,8.487218728016648,1
-6.33678870765738,-1.2186803604671406,0
0.17132041617669103,5.421693938277165,1
-4.960007175238166,-4.469064078151556,2
-0.9566621351657076,8.33290298802864,1
-7.700715229113866,-4.066668249107315,2
-7.106808089086521,-4.440027395254138,2
-1.3347187724894884,9.205056342552112,1
-4.520452387793118,6.963821376073222,1
-5.679980170325177,-2.5341622247745885,0
-3.793943363281848,7.731566643320919,1
-5.040605366671536,-1.134840547356356,0
-7.300903790730581,-1.7696126477047616,2
-1.3397145180524592,6.48543614460775,1
-7.730242833172961,-0.07151613851728739,0
-6.319448235917772,-1.018955123435941,0
-3.337200732667248,6.91007088484885,1
-5.410313107954078,-1.477158420047616,0
-6.9885952416230275,1.309807770063636,0
-8.050088600085111,-2.7590445140865802,2
-3.4764809569271997,7.963078414620262,1
-2.2045801837563825,7.6584020114028535,1
-1.4904249812849621,9.85423917679532,1
-7.013653607485425,-2.598794780327841,2
-4.671724311623198,0.6529783465730075,0
-1.414967182310006,8.135148717261604,1
-6.020718952239442,-2.470734593144319,0
-2.8672131814523283,6.058721173292665,1
-5.542085973768574,-0.5461392148519368,0
-6.025895298396775,-1.971541063097917,0
-0.6067676244699336,9.316927107234113,1
-5.881318286705365,-1.5723636383310604,0
-2.060255619800074,9.283815880086236,1
-6.35125252511475,0.4710264843083817,0
-4.851204092228398,-1.3885715250846493,0
-3.3897535010978928,5.577701805805506,1
-7.1432384285994255,-3.310241900276154,2
-7.956246494201837,-0.8795779424316361,2
-2.2794272128419073,8.910367862224636,1
-2.322386001694617,7.500735148818025,1
-2.1500657689996894,7.868995486277068,1
-7.567124108547933,-4.300637859366012,2
-5.538028529294807,-3.7039050829904734,2
-4.403951782140811,-2.6117141232954397,0
-4.989370240736671,-2.2849411992976334,0
-7.740653799532915,-3.0348618542013432,2
-7.632736775928894,2.2683557862164205,0
-0.8654169020799042,7.119633962345082,1
-8.367665842302907,0.04441262525024198,0
-6.76710243963998,0.4337539405162325,0
-3.158448850532161,7.535194915877378,1
-6.808888803425,0.32049935256810624,0
-5.163432498702791,-2.291871794892193,0
-6.00162479507017,-3.1707730726764694,2
-7.175418013488748,-0.7330629163478326,2
-6.2507923391513325,0.6768354444439613,0
-6.548194449229917,-1.3987647376684105,0
-3.0086488812133942,1.0773893069306533,0
-7.313032257483053,-4.209204354343597,2
-6.960116563498628,0.2153420708929129,0
-6.476593416177051,0.49764807815824474,0
-7.993280015260319,-2.7212623716317563,2
-4.862794529813914,-0.9923931723932793,0
-6.42698528192045,-1.9735791915762781,2
-0.574562207503907,8.863738076682715,1
0.650237893974603,7.232942638680482,1
-0.6240391141999707,5.514674893080987,1
-6.920460394269195,0.6359030340283882,0
-5.243918640191721,-0.07132764802232588,0
-0.9033730707733306,7.628752593435761,1
-0.7382148041952487,7.471269869625084,1
-1.3465432224785778,9.418670385040794,1
-4.77505046999653,-2.5577981625777375,2
-2.310667180982851,4.182275239001957,1
-7.696564123357316,-2.9725996080795287,2
-1.6457120553508953,5.395186677906739,1
-3.9987887435173906,-4.970290689469057,2
-1.7888510264558297,7.186975856245311,1
-1.70002540651384,9.343055259578694,1
-0.5098581081923319,7.9560336473422195,1
-5.677511387539085,-4.487274178799559,2
-8.13866507955954,0.11312748588685223,0
-1.9198591313843807,8.875026320876604,1
-6.427550458933858,-0.6882867496285685,0
-2.2725974731796237,6.855172369653838,1
-1.9370298183370909,8.328239991685633,1
-5.730726021560446,2.2459525436068026,0
-0.025739263634728005,8.034234603186,1
-0.5888504732808255,6.8449014315862975,1
-0.7980824262113716,8.722593865107399,1
-6.815176466549884,-2.4792818602952065,2
-6.557099693130761,-0.9028788582183693,0
-5.032705734626426,-4.517909865370186,2
-1.551306791373901,6.195316170138134,1
-0.6423316623725593,8.952870513844733,1
-7.169281621306281,0.12100518582601111,0
-3.5696025593742395,6.449883341170903,1
-5.776539973036789,-2.5192575989749497,2
-6.9169828051247855,-3.371593118432785,2
-6.9208133302973165,-2.515408106170412,0
-9.826491302897868,-3.013071334564111,2
-6.31456124295978,0.3049661806894358,0
-6.448448947269977,0.42121670711752657,0
-6.366346208191355,-2.767414726312957,2
-5.910300165282003,-0.7091787038800672,0
-5.996562684087208,-3.714156117114811,2
-6.013029402921047,-4.803497537633546,2
-6.496591667642794,-0.6603191212342239,0
-6.547110265163072,-2.8795285046879995,2
-7.017007615822051,-1.9733973533962637,0
-2.5371258991904564,5.161558303598811,1
-4.020730869340367,0.7042242179117364,0
-2.732528443876598,8.320643313443252,1
-0.2175664812439453,8.292236520630391,1
-4.109576029545217,1.617312584587876,0
-7.006737993922791,-2.5577731734264066,2
-7.017490585221404,-2.1409123073268015,2
-4.2388946351589105,-4.22240432141815,2
-5.804070159029082,-3.386133638253741,2
-2.7852274284882554,8.169508702593857,1
-6.5938236462079916,-3.248875959913406,2
-6.530176849487802,0.7504202011281953,0
-2.8486907409230007,6.6775231607955785,1
-0.8457654304829219,5.096838158324877,1
-7.512919372946073,-3.957425076986488,2
-0.8579384072204229,8.19019815291087,1
-5.580626339749227,-2.9638738532731645,2
-1.8660246270227905,7.311680910944087,1
-6.992977958616638,0.31085248797543064,0
-6.488867046613226,-1.3016531342547841,0
-0.12516113703104037,5.6924084076453205,1
-7.8545146328351025,1.7096219514898015,0
-8.766766734403264,-0.7379235001032143,2
-5.685234485490811,-1.635394042397796,0
-2.3922159944788475,0.1311547079633103,0
-4.7121681305505465,-0.8321421381941724,0
-1.028306821612375,8.899019973373953,1
-0.5435077558975316,5.362696372403147,1
-1.0302200794826688,7.342597676758915,1
-6.108169717694478,-1.1197780525838783,0
-6.018846795737892,0.5793764923669581,0
-5.137457777866079,-3.519355546456362,2
-8.490634317682538,-0.9983229546031297,0
-7.963091000712165,-2.964156734354606,2
-6.173708234929077,-4.049695837629025,2
-1.460863326086748,7.5466279472339854,1
-5.579940239673662,-3.1377441785668196,2
-7.183179085790059,-3.3230065403273166,2
-1.5722837471317723,4.875794563115445,1
-5.4895410348344935,-0.5470899274406832,0
-1.036002627332007,5.251992890843367,1
-6.5177814748599605,-2.6107530539795034,2
-2.022187353921092,7.34844621188011,1
-4.4924637616248635,-0.44682097452015296,0
-2.4277227600731894,8.165380212616643,1
-7.707356271192559,-2.343135819010504,2
-6.725253135163871,-2.80355279886554,2
-8.628055934920914,-1.8217398253224204,2
-6.074141458820474,-1.2643729857442543,0
-0.517072572457173,7.105508828867076,1
-3.1164162850273076,7.882847996268468,1
-4.088877898338247,0.265871921110147,0
-1.19638535267582,4.881661107661284,1
-5.217547223738511,1.4336183994341212,0
-6.64311804077252,-0.46810688579690407,0
-0.8159471674284062,7.567889701806983,1
-7.009769464103526,-0.9648893650346207,0
-6.532138436096983,-4.5010184674568885,2
-5.806342847284429,0.9335440161711617,0
-2.6855772276153536,6.675181997048393,1
-5.779334631383656,-0.9523532869059683,0
-7.704884627856272,0.43138683125150357,0
-0.33805459927285475,7.763078563825157,1
-7.364169938726939,-3.8392035787120746,2
-4.181060066693459,6.424646590486535,1
-4.837184159366387,1.0586545043044608,0
-7.41086062172263,-5.077586851858779,2
-1.8960919559093201,7.02061736116584,1
-7.308290699959899,-2.4126017774210244,2
-2.53552657239418,6.544095149657197,1
-7.418552568965763,-5.103429933842179,2
-6.226357149941099,-1.495912004096234,0
-0.6300528996942686,5.088410786581633,1
-7.451957572492947,-3.6112938775182224,2
-0.052809016468774006,5.661827531853911,1
-1.291909035589129,7.111063826463013,1
-4.367640520327525,-1.0960380897421902,0
-1.1608507397411276,7.910023081639091,1
-8.31183462227381,-3.14801312321754,2
-7.385575744549101,-3.691505044668517,2
-4.975196900721737,-0.17868817852905483,0
-7.329099244099626,-0.8749789002858974,0
-0.21918665144042837,6.241115930810769,1
-0.28331982231818365,5.679981813273347,1
-6.505334227759878,-0.5270916592736047,0
-6.362117985213338,-4.346492304723535,2
-5.221223794080857,0.9290701959512357,0
-1.3640028716522032,7.626232429304441,1
-6.583200395897183,-3.14308936511788,2
-3.1410444782941407,6.657753350713282,1
-0.5995959697465589,6.840162738544889,1
-5.708414540679731,-0.6674942084926189,0
-2.886488007733571,6.009088979581692,1
-2.120673660538822,7.703394331546505,1
-6.678664738818399,-1.7303157896789745,0
-7.27092396371669,-2.4179672363694986,2
-0.9739132708423698,5.132213410314612,1
-4.178585422804608,0.3683925676954165,0
-7.440087068015972,-0.023211594334114682,2
-6.7653830739746255,-4.0965601028380485,2
-4.450822246937541,-4.731580703201967,2
-0.7451589716694168,6.419784653896872,1
-4.825412006164821,0.946680702387682,0
-6.200861576423123,-1.815760578634908,0
-1.1585129763603061,9.341679818835553,1
-0.683389643020846,8.142583770929768,1
-6.404719920934337,-2.9358502621196165,2
-6.884269844031367,-0.7217503140015971,0
-4.047965755549034,5.689234549039238,1
-6.832484470282528,-0.4075138180492943,0
-7.795556629636073,-4.732809782321275,2
-4.0044642537344455,-0.8116924198517017,0
-2.0458776051432324,7.194372436373429,1
-1.47512546996198,7.81079436114314,1
-1.7236778316778052,5.315298491439847,1
-6.661854673158497,-0.5887658510596979,0
0.40008171947941396,5.915245684602036,1
-1.1906333458186151,6.457497280885447,1
-5.8403129305744965,1.972971372185782,0
-7.431647296097907,-1.4610401481709079,0
-5.093847908201406,-0.5239445130149933,0
-4.508471338711915,-3.256593161644058,2
-6.523329080399048,-4.324850778599455,2
-4.716425954379887,-1.54478034790686,0
-6.867192248134752,-3.691499890755025,2
-2.9182910185964976,7.697950633051928,1
-5.9862328830581975,-2.330153458015616,2
-5.5957978245747375,0.06110817205945246,0
-1.156633562729339,6.786114914223221,1
-4.443179841342543,5.404709541683954,1
-5.807986763619317,-0.5860314459564728,0
-7.341339636282588,-4.369639492001841,2
-2.648239457628658,6.2150678073030114,1
0.3231372487248523,6.353985139659362,1
-2.8794866244549473,8.199860954597126,1
-5.717920008699239,1.2079429467972804,0
-7.963100562029055,-1.7788168329771428,2
-7.334273526642725,-1.2797293816426227,2
-8.605658233627809,-2.9987038035067153,0
-7.088609897530238,-1.199033208194693,0
-0.5744909768598023,6.82252903022255,1
-6.494126441618041,-0.2981270859309877,2
-1.93435764814502,6.634424358393708,1
-6.701063951485082,-4.352177584769933,2
-7.64882553329957,-0.028719223509147962,0
-2.216263957411314,6.59311090465778,1
-3.3787381868112605,5.098205471556183,1
-4.702362440647796,0.2958122900969482,0
-1.0713314220425025,7.97029849711679,1
-8.107553251132641,-2.2075031906821714,0
-5.588753305185987,0.722769024517236,0
-1.6976571687858169,7.0951369109624,1
-1.3776352921266288,6.240614354763128,1
-6.851119724830114,0.025791640671179616,0
-1.419520368311116,5.91529213133915,1
-6.33832485516644,-0.15771446010380064,0
-4.934506220970932,-2.9707837961874013,2
-2.4218422593871733,6.779675464646332,1
-7.723016691317472,1.664925020860375,0
-5.053641781966404,-1.8092751258454867,0
-7.0590176263713955,1.1376044063496382,0
-4.187520298972689,0.02552533684010877,0
-5.208672448170352,0.40702659632071814,0
-8.356710641231919,-1.6135580498298445,2
-5.869794298894468,-2.2295479838028167,2
-5.08363129265369,-3.4179750524649735,2
-7.676710589597753,-0.1907721294643428,0
-1.5389372696956674,7.110636222630911,1
-5.551488052700511,-2.644139424349655,2
-5.620796539475713,-3.4323329337705095,2
-2.5800803613271377,7.632201537186354,1
-7.226374573130373,-5.851253367890216,2
-5.543896698191813,-2.3713843495105427,2
-2.1590823933691317,5.369092547360529,1
-0.9355177637640513,6.681239554111129,1
-7.2865220696969155,-4.079354522374644,2
-4.535960050510579,-1.2910671935485798,0
-6.104030500737147,1.072088562932277,0
0.14160758406209628,6.5047647009679945,1
-5.243603511222719,0.7498933971760051,0
-4.06595820610883,-0.3057338062555812,0
-6.148329543727365,-0.07259351167338468,0
-5.2261627474047145,-0.5665244594809021,0
-3.346433822140401,2.1715679004907664,0
-7.732500340982414,1.6111598495651298,0
-4.348339527365512,-4.542245680621342,2
-7.652129577898503,-0.23275141610671965,0
-0.052905405247078985,6.976975720805241,1
-5.258791576626147,-4.079997693329308,2
-8.023475699197773,-2.779366613509959,2
-1.4876266442172406,8.498023132658044,1
-5.624047912154207,-2.0978060723855636,2
-6.010771864872503,-3.449830228031511,2
-0.707709867763367,5.206060118785377,1
-7.709243346643925,-3.133415502037236,2
-6.607630564460743,-0.8055476895305541,0
-4.024958451476127,5.89999741180493,1
-8.208431840374674,-3.9687021350342464,2
-2.216150056486117,6.275643725540306,1
-6.624245910486857,-2.572892293808801,2
-6.033043113186633,-2.2966954522004532,2
-5.215159327745635,1.1233183791520842,0
-3.873271685052426,0.518454553164082,0
-5.342857197284028,2.8078767316279443,0
-7.709941394646728,-4.995162390569467,2
-0.4370016554290119,4.615832440258898,1
-5.219082317747986,-1.4689058058527524,0
-7.8977048055297505,-0.8867503653102572,0
-5.564702141203359,-1.9076836665117964,2
-7.079306543327563,-0.6917334275548004,0
-1.4022473608953585,6.548504931451776,1
-6.299097892759974,-1.8847462405247264,2
-5.851182410299791,0.8208849008807533,0
-3.190130488451668,-1.582864230919201,0
-7.289935085531042,-3.405489146848427,2
-6.363175663260057,-2.8464863762157244,2
-6.020217243605651,-4.11165938117799,2
0.34166506300915067,8.191601928056771,1
-6.798824863242993,-3.0349957026665066,2
-1.0840380191491468,9.422784291483783,1
-4.36846010558083,6.879418117139939,1
-6.59517947980833,-5.26425456912718,2
-5.099515719147997,0.6207135756555594,0
-1.5560481970726372,6.340439463611755,1
-0.2647582039540095,7.396448956446317,1
-5.824692093798062,0.3983023595297649,0
-7.794503019010814,-0.3851019188319169,0
-6.364014558734143,-1.684267506159128,0
-1.7695225971187543,6.860933437883315,1
-5.761586920840102,0.06962576795406361,0
-6.354127087876876,-0.8712636983959401,2
-2.448430996441933,7.238138559832637,1
-5.418156528409129,-0.7533684894795927,0
-8.428290510255021,-3.5493490686681244,2
-5.139137568191916,-3.5053648171726643,0
-3.1820448597284985,8.51211341636931,1
-4.295053953988549,-0.7648568013376256,0
-3.0469736763194275,9.107490567526886,1
-8.549947080216864,-4.019441762194336,2
-6.472181712353851,-2.5963568028229265,2
-5.681568772176768,-3.117277220601655,2
-6.1579855807821575,-3.2230719074120904,2
-0.7800777402491915,7.784785001891065,1
-5.672803737623177,-0.04244727995914549,0
-5.813288890076285,-1.2170474535866056,0
-6.202758947803848,-1.6403840040448163,2
-6.9283409142396835,-0.2528781095878538,0
-7.918220786603049,-2.585022841538402,2
-6.191735454478467,-0.2234871888180315,0
-5.073081456284962,-1.7377673931892321,0
-5.440625430642617,-2.454337780711834,0
-2.551243280713112,7.6990701711504475,1
-6.0793252391075425,-2.0589140550736427,0
-3.6924908701778847,-2.4176589151116348,0
-9.26509077369989,-2.6181285636673874,2
-0.196238001822286,8.60562820783868,1
-7.768628177389027,-2.925004208358606,2
-4.69605262679597,8.66806138901779,1
-7.0542278023528695,-3.9485230491954884,2
-1.9822084252216048,7.94199957641837,1
-2.5436782137428913,7.703467178057304,1
-6.347943175086416,-4.080622945838835,2
-1.8291055442679947,5.6709863747638565,1
-6.6141262187603616,-4.806210723325288,2
-5.62574854365234,-1.0282634745346284,0
-0.982946129691222,8.09546195863525,1
-6.392210959048432,1.734290595953862,0
-4.864178302498742,0.27587883707369076,0
-4.658563067384939,-3.3964527450994457,2
-5.39886209401069,-0.7615402386271285,0
-6.978566361084518,1.0356994224438123,0
-6.164291125805533,1.417859676817905,0
-4.760721318235226,-0.08534133512582015,0
-7.286692330278883,1.6069356777996524,0
-5.727145619520393,0.5106830985426728,0
-4.3825505071600315,-0.46727563090128754,0
-6.511654577148476,-0.94231851619644,0
-3.2134481507391337,5.768666927352735,1
-4.518334660657931,-0.1824085235911061,0
-6.910353409539919,-3.541655192084028,2
-5.926620276183961,-1.1081508133030185,0
-5.084988195081794,1.4547120453025844,0
-4.7426822773744615,-1.5524474246217042,0
-1.6688851105930753,7.348570401560769,1
-1.5784109045606478,6.070667254545437,1
-6.483081991317971,0.09243338640932347,0
-1.7646562249359554,7.212465302378145,1
-5.797739849121586,0.4884858666085997,0
-6.823531256647449,-1.7179753944254315,0
-6.323526793348379,-0.87730872270041,0
-5.000306902409747,0.18173291273447267,0
-7.887095581984728,-2.504830350443667,2
-6.256197832555838,-1.5363967251406976,0
-1.1359752336682942,6.791014400707043,1
-5.818345110778194,-1.0035810976018915,0
-5.142576676796826,-1.166891789284347,2
-5.410346496292296,-2.2086238242752003,2
-8.685729046404099,-3.2866692805401754,2
-7.463381169703778,-1.2961240658414543,0
0.6011466209257521,7.621816317004248,1
-5.116875111903518,-1.1330684515817118,0
-1.6553128888671476,6.986116249422012,1
-7.558391514262787,-2.7153897462004712,2
-2.056743362053002,4.6561841686916345,1
-2.360415871766777,6.420979469395484,1
0.5183841542982597,7.365464375166109,1
-8.106057857607912,-2.9105814596270076,2
-5.546971113859294,-2.685365408216713,2
1.7346621362538546,7.136410651406603,1
-9.90307073140719,-0.18704070846784734,0
-5.460541076631719,-0.19832572733903858,0
-4.800109915077827,-4.966838650983363,2
0.4999605503311235,7.8418300124944125,1
-0.6767530865191393,10.19156313957519,1
-5.883420409284888,-2.5425124325327313,2
-6.102273463368741,-2.479266969916797,2
-7.692806378074797,1.8859124411077306,0
-3.852138642505681,-5.9287579116720694,2
-3.151858762791427,8.1434050643513,1
-5.378512915099047,1.573039941111985,0
-7.800060671776893,-3.3510093361325293,2
-5.469099580218387,0.32492233649680335,0
-7.646474945465097,-3.898405354678522,2
-7.289278711844279,-0.08443236855847958,0
-2.8830330589156583,6.548078555153546,1
-1.0823928222886736,9.522829854807393,1
-6.982157804274251,0.017644814425565924,0
-5.198969394309856,-0.7833584671125795,0
-6.739813450341184,-2.9346351801358397,2
-5.641754373001395,-0.2930589725404486,0
-8.239474481953541,-3.2236507811612163,2
-3.495551289236024,-0.6982831854642413,0
-3.123016896062331,8.448785885593706,1
-2.4457161460674577,8.050503805137947,1
-2.998230738422202,7.031766215989402,1
-5.470899172225939,-0.83326392401556,0
-0.49534459510952256,8.353417332182891,1
-5.335915071755099,-1.7627248105625133,2
-5.960790758524452,0.8532949203857749,0
-7.482057602212716,-0.6922443851812234,0
-5.26472727231495,0.017564720928951283,0
-7.740104950791021,-4.462857073397646,2
-0.8787155993613501,8.469381065171971,1
-7.949875098532079,-1.17986992653656,2
0.05617952037697771,6.471267402121164,1
-3.8682990439724576,8.680575387138548,1
-7.847022333978454,-0.30709457509014604,0
-7.406419138927248,-3.2605641747718543,2
-6.0048956346986415,-1.5004210117934955,2
-8.401756702319338,-3.0731104528779696,2
-7.052935105815422,1.9509044019474695,0
-4.164728611435265,-0.9336619045322674,0
-0.35218188909645165,8.7601937621865,1
-6.9994723514971176,-5.083512616465972,2
-5.302240570196993,-1.125174532905339,0
-7.47598610861771,-2.153324935309479,2
-5.833082504742631,-0.606641627186247,0
-1.6307423223939956,5.8289125475552686,1
-2.868791753096242,8.344333625422585,1
-5.412580394058861,-6.1065398407069615,2
-4.7185545325094385,0.538323819328978,0
-6.718330710905396,-2.6050325740415694,2
-4.834339815355787,0.8515802790657714,0
-5.71241367130588,-0.7821096765698765,0
-6.449183564873887,-5.584202904123551,2
-6.803466411875956,-0.7859973489428012,0
-7.508609814477423,-3.207064107952124,0
-6.319534683546925,-4.633407093328883,2
-6.741614269850307,-1.481326329384321,2
-5.005991868851869,-1.675467967137679,0
-5.210743675214063,-1.0614139351734295,0
-0.9838816564720883,4.4202899649456455,1
-6.674024348929809,-0.32342321222179554,0
-0.8864865236974929,8.775452992602471,1
-6.207639252439853,1.1388927335445476,0
-3.5432747437505077,0.21627746242775636,0
-7.347682331099598,-5.993977232036115,2
-3.751237228149952,-2.420308477829517,2
-6.165695116273379,-2.3912881648890942,2
-4.9363822764381915,0.277913229005777,0
-5.854286894224469,-1.1814472435538876,0
-5.411577370349965,-1.3044823553917535,0
-7.303339852784538,-2.864619411095195,2
-5.548161039112958,-1.9249395882277915,0
-6.02719932465538,-0.5560934466533345,0
-5.454510292507368,-4.218797555720348,2
-7.665186791490278,-4.371108281145538,2
-5.782549403925125,-4.124141480357079,2
-2.4946203986895163,4.935160802247781,1
-5.292194973736643,1.6706785395703219,0
-3.574782754303907,0.09438480985924413,0
-7.703107970195152,-2.5049002113878314,2
-4.823833591215358,-3.5263180485071546,2
-3.804213417035285,2.092481380127196,0
-9.244569279661007,-2.3892925780079466,2
-6.339110099586645,-0.24107575958047947,0
-2.1605510896303644,7.391725466555549,1
-6.25257715510314,-1.577773360684109,0
-5.063801670807493,-1.523002221366126,0
-6.93843534907116,-0.3970047459992159,0
-3.3388972745334913,6.630819156588003,1
-6.719195817444777,-0.5622783095296885,0
-6.408828026239181,-0.7955906081685467,0
-4.818543922817988,-5.772680919100109,2
-2.6768685270311114,-2.4985841483877196,2
-3.2968390950500215,5.9412474784865505,1
-0.522063387068364,7.073208480912573,1
-1.9882631711003054,6.53508349301422,1
-6.605986074696364,-4.778239032624639,2
-5.725891864614216,-3.872587529154034,2
-6.643610287922925,-1.4114454820886182,2
-5.705978488001692,-5.062329912785966,2
-6.117693304554183,-3.798476758281963,2
-1.4477531847575393,7.352602398963753,1
-7.259703986256735,-2.2792373770660133,2
-1.0612717465617072,6.426755409226767,1
-6.0565518417306095,-0.12101822632075854,0
-6.137882950651796,-1.8644391965720633,2
0.6536485198038475,9.58202210983811,1
-1.6387242729927558,6.764310615404186,1
-4.061231465741285,-1.8256635671529635,2
-2.39160221844694,7.873442305266936,1
0.2978093077050823,6.3155267611034205,1
-1.1339406983361195,6.651790589470155,1
-7.296694476688107,-1.0156960290392258,0
-6.363046338749359,-3.2979097697668265,2
-6.075357987250067,-3.0437942956576456,2
-3.102729992854972,8.14876925221472,1
-2.9444097232903985,7.100843087736612,1
-5.420335085333387,-2.849562204993195,2
-1.4737678438709372,9.112615177736641,1
-2.066708933316434,7.118408435166996,1
-5.110356622262864,-1.08893262754158,0
-2.00585944742956,8.958050962114836,1
-7.057456734558317,-1.9870946080359921,0
-3.9196504377125003,-2.6745096322610187,2
-7.0838024749474595,-3.691876157909851,2
-7.268448049187737,-2.803820596591052,2
-4.034091570615594,-1.1422322604375408,0
-6.726496144193267,-2.975993587659631,2
-2.22190023042669,4.831275737991698,1
-1.7133335405764374,6.53586837715842,1
-5.175532177441444,-3.6658159931153005,2
-5.05916373594554,-1.1150999881049386,2
-5.06079900350513,-6.883029108263008,2
-2.102555971521703,5.142848697544683,1
-1.2355180949950015,5.805481737380083,1
-3.1047047283991493,7.38451310535874,1
-6.352722123540958,-0.10136205810297699,0
-0.7808992887603764,5.260905968220083,1
-1.5138432310466012,7.935047633444544,1
-6.880048500437244,-1.2759131511015616,2
-5.522755336790865,-4.062767863255633,2
-4.382470458280455,6.905356424588089,1
-2.444022105201394,6.521695591100138,1
-1.8174669481869064,8.810193108564647,1
-4.7125063015339865,-3.706172743948494,2
-5.517457050617504,-1.476013733400687,2
-4.659714788605573,-5.531495027204036,2
-9.470927165241878,-3.5524321229827596,2
-5.408352728583046,-1.2907580068793125,0
-3.1711540955571254,6.450442358388158,1
-7.037640305642678,-2.0604469690503553,2
-5.917324541898661,-3.5780733246498975,2
-8.43326521839406,-0.2944033358737066,0
-7.652156994059539,-2.578850360794125,2
-5.236365609065788,1.1073937108198504,0
-5.858687800894177,0.7393415727147323,0
-8.443756870178412,1.3843331580043716,0
-6.16042517548737,-0.26124196787132553,0
-1.3645697471118037,9.497002214184358,1
-6.104701774639333,-0.431097235360029,0
-7.144396693128106,-2.5438566209485867,2
-5.3911483694870075,-1.9485362151726084,2
-6.718829520960923,1.6778363705640604,0
-1.9881413693040093,8.019182720045057,1
-8.853502611897419,-1.0989884300011417,2
-6.766794507485739,-4.095901462128,2
-7.1716295546296775,-2.575549687897807,2
-1.9360880273257273,6.385515373451458,1
-4.340730105523178,-4.029460408819958,2
-3.886813968498372,-1.6977743933081266,2
-0.9401594504840247,6.15468921616004,1
-5.9233102306761225,-0.4769695283497311,0
-1.2878422950281523,7.202306670633927,1
-5.885655115521711,-0.8587762374235911,0
-8.38799512221156,-0.2332478777388949,0
-3.8926967059667663,1.8557591178217256,0
-5.840918289728224,-1.656376499205847,0
-7.852478681365673,0.08655942797620098,0
-4.184325474994852,9.64157371950494,1
-5.8495048431560015,-0.8426722193768814,0
-2.073226637503543,5.467486621575344,1
-8.23005865068697,-3.5433434688798138,2
-3.7430845424763093,-2.2752900168123924,0
-6.475280877252553,-5.06559224968245,2
-7.913170771272474,-4.582101037473063,2
-5.9291395686793,-2.0718798639422524,2
-7.109159156833363,0.3592593527635476,0
-0.03623028204728307,7.77729155413491,1
-5.500952505399146,-4.589153392525647,2
-7.5350088461730245,-3.93744510095009,2
-5.119381762413538,-2.0310376016011285,0
-7.340623278300658,-2.9318910466048402,2
-8.572429343535896,-3.6508239322367264,2
-7.410497377408101,-3.431266337971372,2
-7.419677791205078,-1.5924312376662182,0
-3.1809559901138904,6.582824568561326,1
-2.568667191443374,0.7972549798399455,0
-6.737022619711911,-2.868002389976313,2
-5.230746407634266,-3.1106040628601663,2
-3.9538989203247845,8.068696681813979,1
-0.9244443288281529,6.343014892512928,1
-7.116875622819473,1.3556100091089114,0
-1.2371026347069398,8.680852501344233,1
-6.7152550870315855,0.6578642383395144,0
-4.731030353182635,-2.000118663039553,2
-7.668014769995283,-0.5529618239696711,0
-6.229329194033858,-0.1718155050264629,0
-5.788716962013043,-3.244097163291645,2
-1.344423906112153,7.304073985250133,1
-6.902490129648279,0.21066058875890648,0
-1.9059025158676695,8.62328605085342,1
0.913149227491278,6.770693495660142,1
-8.490649366305703,-1.4266960887840139,2
-2.1851312567999432,5.9724749768273355,1
-4.810691218737182,5.707410568928225,1
-2.4613438893370243,6.187341612129625,1
-6.106365640405774,-1.9377109920134665,0
-4.579973460974098,-2.7011471195581036,2
-7.815339474994333,-2.4380801955313447,2
-8.26031568101428,-3.847400505548344,2
-3.493899913353973,8.071847196866278,1
-7.557482051449608,-0.9453505115801729,0
-5.799671064821723,-2.905971828990811,2
-4.340804636681141,-0.2488426490834133,0
-5.069674883686654,0.5261751784462235,0
-7.246072331004146,-1.0207375062019504,0
-5.984150604742126,-2.451711473780451,2
-3.3448924686692116,7.498631233797909,1
-0.69605838344097,7.942003454236908,1
-6.773453260072416,-1.752088947896719,2
-6.5844715655908646,-2.664389863892011,2
-0.7285113088374239,7.218028604737748,1
-6.517317451868786,-0.45465819964187365,0
-1.6744641411750636,8.019000565818336,1
-4.614855237138391,1.3909747709778832,0
-2.879355853991842,9.073401496386632,1
-7.563654521273069,-2.851683531681798,2
-4.950245968151235,0.40651593792771035,0
0.47671877767597914,6.998668303850004,1
-0.11288712980885385,6.898045906035973,1
-5.413642107287664,-1.517872253111025,0
-9.143779876940258,-0.5745707997383125,2
-7.420869727913493,0.2656068868883833,0
-2.5530267137794014,8.067287031516095,1
0.7813844707413207,7.994582708424895,1
-1.1473178391852872,6.5202688524804095,1
-2.915393444401258,6.060868926172494,1
-1.9125928130635017,8.053653102343064,1
-1.5565695451551886,6.53456061906728,1
-1.786655228373543,6.474881492213265,1
-5.377906802054852,-5.590708349860238,2
-1.098735224212318,7.416767938112989,1
-2.249062174625286,7.349682134609167,1
-6.989446523098021,-1.8354516621241421,2
0.5787061907938216,7.449148704310967,1
-7.137048691227037,-0.3379450385279042,0
-5.041162371392228,-2.6431712220141295,0
-6.93135006010122,0.0724190020784507,0
-2.7610189008295105,5.906897767850908,1
-2.7886910268682503,6.711388004327599,1
-6.353704035371219,-2.2160503009667476,2
-5.795570178328582,-4.098446001638411,2
-0.1968249351992355,7.788714836942229,1
-1.5713913455764066,5.952492080199121,1
-1.4415896699308646,5.485718611974877,1
0.011620119905763282,10.541957544069467,1
-6.772629944544523,-0.29305147711389434,0
-5.355363533459618,-2.689308302772496,2
-5.15495958457495,-0.9060063717468555,0
-6.380876861116748,-0.177561524242353,0
-1.3226293156637858,7.405184177680047,1
-2.2980491175127673,7.80539117641405,1
-3.792774345138358,-2.981630235318312,0
-2.9290511069960665,6.302154436801549,1
-2.046014840889373,8.306976718292848,1
-7.159968292482089,-2.1496653560252064,2
-2.786833788853561,4.067980918348472,1
-6.383589868035941,-1.1904957389444504,0
-2.230721848901757,-3.587793725381757,2
-7.902847225340465,-3.3196403416086957,2
-1.1068147565212687,4.831897776628151,1
-4.171071732817592,-0.3439028321794278,0
-3.925062549338721,-1.6702924616566523,0
-2.031251605328077,5.944214833636279,1
-5.6996029490955635,0.8359769088892872,0
-6.891678050275525,-2.8002534746036036,2
-7.419511969809611,-2.014203072552508,2
-0.6606701188020582,7.173485834884438,1
-4.448097885565652,0.6803862278066302,0
0.4455130127225577,7.633460824543167,1
-8.460153827068766,-4.884264298324615,2
-8.358693309025643,-3.434425351548568,2
-3.781646448602762,-1.9141232823523096,0
-7.300890762696244,-2.3862948714066463,2
-2.921748529215435,9.177775439768407,1
-7.028128653242479,-0.46754807259360737,0
-5.369632227680644,-3.636047941886084,2
0.9504195386329939,8.258393418208456,1
-7.1351541068923225,-2.881527384771467,2
-1.7389950730918624,6.900943878041811,1
-6.798366204784018,-2.9080896131431233,2
-5.788672334328524,-4.569488504300983,2
-6.481536805681403,-2.2022826214517415,2
-0.7085032562664398,7.044761431642648,1
-5.639271857267551,1.0557998744430306,0
-7.879431349303872,-5.601272452392584,2
-0.9088598315172365,8.065258239267006,1
-8.006260358436796,-3.234136500209105,2
-5.703919727348211,-4.200805086824816,2
-6.346376938208632,-1.6425328491084972,2
-6.825675391823385,-3.6318590626165124,2
-6.541007842936696,1.8841713543602783,0
-6.479799467545717,1.0094150837420068,0
-2.1213299726754444,7.664423427001372,1
-3.3779153456490905,7.4380637919890065,1
-5.08094041988716,-3.6898183103703457,0
-0.06451383812723832,6.209854158123883,1
-6.982855839291659,-3.7224478412054007,2
-7.921809157460205,-4.182601373681081,2
-7.587763258601134,-2.4518502208527613,0
-6.447426254743762,-1.7077478451733854,2
-6.389615901425931,-1.0146556960332358,0
-6.483303676695919,-5.3539486662461755,2
-0.47081861856400065,5.811171554704776,1
-2.8624985983786995,7.565204827608904,1
-1.0558817316449924,8.9888233102722,1
-7.55134264421924,-2.5033898798620613,2
-2.045299236736127,6.099501172917965,1
-4.006633747405536,-2.152702287859952,0
-4.8765633201822975,0.5242446047010593,0
-0.5851917121991048,9.073057453107236,1
-5.30995508055802,-4.771894114619571,2
-2.4591006871243097,7.189721878929099,1
-5.212858409151401,-1.8891141102718034,0
-1.9385789299432157,6.559873625537035,1
-6.169966453813786,1.4521755153670781,0
-9.089941791980454,-4.300482472233625,2
-2.06232394472028,8.156908980990094,1
-0.2044312209955359,7.8503940724180525,1
-1.392705571719095,6.388205178975067,1
-7.406814274785838,-4.658207488967118,2
-5.527906616744068,-3.7533072544261863,2
-6.891474433483937,-3.820680397177959,2
-6.125961272481893,0.23209420521529533,0
-6.112624117721939,-0.4834549162644562,0
-6.585207068300274,-2.341828824799177,2
-5.450814770944484,-2.370317225621291,2
-7.429260707320047,-0.18231456445584107,0
-7.987083905749444,-2.1989066563655415,2
-0.5192823128133388,7.898804898615424,1
-0.6947927248592528,5.5664621753462695,1
-6.748339886271469,-1.5794327698519572,0
-6.136359973936348,-2.61123436718528,2
-8.819833720257922,0.16120512939017506,0
-4.744144856446164,-0.849328120553003,0
-7.827267973408718,-2.956136160407655,2
-5.614152203762319,-2.3510880564169896,2
-8.169070522875021,-1.1921088214692581,2
-7.0939190340675955,-3.3186376681276264,2
-7.369720905738576,-3.418791175172014,2
-5.9211715009300905,-4.47390167872928,2
-5.31204209115069,-0.5293435379938951,0
-5.978772042508873,-5.331957592146189,2
-5.932941699916375,-3.160189962026884,2
-5.659908794936968,-4.542676030555189,2
-5.846568509946859,-1.6472019115830758,0
-2.683907852585115,5.975439086659661,1
-5.5488959625649255,-3.3888947858991463,2
-6.2122226693705755,-4.1660331425963015,2
-7.932114692161283,-3.1489114539403937,2
-5.4111272765111735,-3.350087330485558,2
-1.4159775332254418,5.837105563836655,1
-6.321829138442323,-1.441863822558694,0
-1.3773671691546148,5.510518163780746,1
-5.052959899217125,-0.7430675947425998,0
-5.588214382306851,-1.1726742944209976,0
-5.291229168109599,-1.5730078031231143,0
-8.165950846646794,-2.8444782345223745,2
-2.1678063427795253,7.9985062719794096,1
-6.189106070730042,-3.0151348173852712,2
-4.530695290302223,-2.247665279119854,2
-6.292171412386605,-3.492587784899913,2
-6.170426217080065,-2.5818318505134497,2
-0.7148585573033189,8.375174826053339,1
-7.107531825218897,-4.910380148911059,2
-6.849719761271827,-3.778313436961332,2
-5.105399754917594,-0.10843860975529707,0
-1.6397293925014347,4.733831261403189,1
-7.012665427226789,-3.7291561890498905,2
-7.17897076225503,-0.26204842860873123,2
-7.669758840879975,-0.6473342097534142,0
-5.232671199454883,2.23964301406884,0
-6.4476115799769085,0.026285020913584756,2
-6.876840451498538,1.7486955279068215,0
-6.130459719597282,0.1551954081644582,0
-8.609225061687962,-2.3966946175933117,2
-8.45879499717646,-2.2101515083069625,0
-6.4214023656967,-0.28340092712956144,0
-2.307158983152744,7.826461273288915,1
-2.027633159115989,8.658477823505748,1
-6.606077588079391,0.03841123710129435,0
-8.068845995418826,-4.215243168433967,2
-6.156339062688652,-0.5670002664450212,0
-0.9819029599224446,7.327626922890996,1
-7.401926269325237,-3.7373831330723526,2
-7.507487581436787,-3.9434728371133905,2
-0.7741016755344438,5.534205488822703,1
-4.641462268610695,-0.6489147243474294,0
-5.546498130012894,-2.9594599726500874,0
-4.60310338812882,-1.7280992385129745,0
-5.612436020657674,1.7283892570245856,0
-4.051979957436313,0.5241883149599733,0
-0.8691197028783011,6.289951656792186,1
-4.923002457728921,-0.7520883896397808,0
-4.539428736575996,1.4391106731475745,0
-5.003133179424714,-1.426150547046092,0
-1.160064633303498,5.049116728047284,1
-2.7258963773761207,7.0230026688438,1
-3.562794952007332,7.173112798676289,1
-6.449933565019351,-2.2538217343935787,2
-1.749346861721302,6.1841284571588115,1
-0.675339348871065,4.468853901480454,1
-4.56932511634384,-0.08536469401897184,0
-6.3109337706152235,-3.2995260784058993,2
0.8181854748425814,6.771501150403051,1
-6.645270959079882,-2.481903220004466,2
-6.091116121764184,-3.50111999448492,2
-4.5096392603690125,-0.9223187877142852,0
-5.724173612914793,-1.0643909092991382,0
-7.484224533213613,-4.671460024433178,2
-4.121714435353652,2.9254425172795506,0
-0.2226215403476688,6.38373654964191,1
-2.0492896343124576,6.587387875877881,1
-1.6584501999467685,6.167295732889254,1
-1.1562315425780516,6.283193339526153,1
-5.753639941810121,-0.28866222662695673,0
-5.078997105243854,-1.0401953014090886,0
-5.336860394356392,-0.9167034971289676,0
-3.0057632250011865,7.7818864786036706,1
-5.725763967337073,-0.3466196075932632,0
-6.849396121164801,-3.2203628172415875,2
-5.966110019921314,-2.9886741853772247,2
-8.39320056923734,-2.745840998862069,2
-7.357344619734351,-1.6633216802319797,2
-1.589883938906456,6.129390777714932,1
-2.6420035270919358,7.142375914201779,1
-5.70618359810413,0.4851003770086648,0
-8.634479277059059,-2.664123909722794,2
-6.614905471103089,-0.8349298518338364,0
-5.746747926071118,-3.2352046875257927,0
-1.5385500460502413,6.247810080411206,1
-1.8475197843776097,8.145327098341154,1
-6.1152271788228365,0.3254558524575667,0
-5.632117034387962,-2.1698014577119364,0
-2.9052341708892064,-1.5033155675257832,0
-5.108038988564115,-0.5545530302808854,0
-2.869110111992492,-1.2012161102998193,0
-4.759495582995489,0.6040608820408115,0
-1.0177032656814604,5.263569816120583,1
-4.078574326212089,1.2211538974691767,0
-1.927297764082021,6.329945735073087,1
-7.937759937903295,-2.619631109800901,2
-1.311082970522416,8.80330671478915,1
-5.023104557542733,-2.97448885901982,2
-5.436131919751453,2.130850831347553,0
-5.696201819514953,-2.6695225996586203,2
-6.660560673703614,-0.761203345279863,2
-6.297412233845362,0.7106441650080411,0
-5.85167169003285,-4.214714983869428,2
-3.7845795177252155,6.727651692431491,1
-1.3736724732338974,7.76929428381683,1
-3.968118150031187,-0.9728728141289407,0
-7.964626722094325,-1.2948616880093222,0
0.9272993315132991,8.41211200287659,1
-1.9933990573262457,7.193985944255166,1
-2.4722139672827868,6.398847023545577,1
-4.622523173737429,0.5722087410691399,0
-7.654806992390405,-2.807920713917909,2
-1.863837947145443,8.737024498416234,1
-0.6774327964212933,9.249812806628281,1
-4.663986323484583,-3.1374014656343228,2
-6.012378320186564,-0.36879156716329464,0
-0.9409607180978715,8.19636754670848,1
-6.238616706047634,-0.5040544005106053,0
-6.089303633200746,-0.5731832011502966,0
-4.526248953927318,-0.5662998999988708,0
-0.3376658941526953,7.075707086588393,1
-5.572144200035492,-0.8559818651453351,0
-4.632151049284859,-0.5527304254196191,0
-5.802810375281259,-2.2961736060083524,2
-5.266794072097141,0.41086235629131607,0
-7.0111149379868785,-3.238340569872243,2
-3.144609017975781,6.737047047343537,1
-6.475220132088764,-2.0352135164943315,2
-9.80358490779366,-2.305457378997203,2
-7.164769897885903,-0.15523616967879628,2
-3.0156955146140394,6.656194884249517,1
-0.4512735390792122,6.726457776262873,1
-0.5053177549816366,5.913360360235458,1
-5.1800867914378825,0.2762478853370538,0
-7.083762895031379,-1.5165164554710573,2
-1.7003134076312514,6.330779394295684,1
-6.1030835821202505,-4.9279868074047375,2
-5.555502277351498,-1.2945098225076714,2
-6.139126032670461,-3.472589728811461,2
-1.7795525049126215,5.05189099039275,1
-9.215528492536945,-4.391586252952352,2
-6.46104811032454,-3.12725592075388,2
-8.271658395526767,-2.6911801639403667,2
-6.219143173845039,-0.5070491426697804,0
-7.096494209202343,-3.51969363485094,2
-5.728813997680099,1.608693885453792,0
-7.554423035874612,0.4017902464085432,0
-1.5378270543084172,4.583258656685651,1
-6.381488136199759,-4.91108148872993,2
-7.518506231656851,-1.8892814973018195,2
-6.044682650525439,-4.703245486228452,2
-4.946072408683572,-2.392155607970842,2
-5.851628049430598,-0.5107984636467413,0
-4.873795636926351,-1.51287093966223,2
-5.639843987339039,-1.794433274869767,0
-0.42460834589960483,9.51478979135591,1
-6.871000593221316,-2.2351591441478145,0
-5.950912388947892,-6.198791922907006,2
-2.564477619483017,7.10407033073394,1
-5.925364018133891,-1.6685757642190155,0
-7.804224854018258,1.8826526498159142,0
-6.21497008110968,-1.9609873117892032,2
-1.4016764954787735,6.214221840957842,1
-6.0382637569829285,-3.9751864260289276,2
-2.512962364046189,7.813294069442646,1
-8.961950605583283,1.3527776222468908,0
-5.719133040456024,-0.8935496808785964,0
-1.750722782387339,7.0534382393688375,1
-5.45755247405166,-3.196743728564534,2
-5.212822699458215,-4.575418367788176,2
-5.844938508818417,1.8527175243645848,0
-5.570545624165381,-2.7296841126328126,2
-2.0732040528557087,6.169903044248427,1
-4.5747147824228085,0.38859324372188153,0
-1.1359548678257314,6.247976315738979,1
-2.512786509421126,8.645578053920024,1
-0.5382126200867456,5.703523326348884,1
-6.733924667040627,-0.35660373822378755,0
-9.130411840829547,-3.0039790730817666,2
-4.641142509406177,-0.8504077926015816,0
-5.082411488171769,-3.7890556381010203,2
-5.645985553448443,-5.1929797138716065,2
-3.1624463484583307,8.426114849754311,1
-2.012893335585055,9.071537593281993,1
-6.642025767638651,-4.576807373022352,2
-3.458063234594256,-4.6364417108736555,2
-0.3201947380363668,7.115393042772337,1
-5.895460498156048,-0.17513225853664946,0
-5.290238646638655,-2.9632148493071155,2
-0.022187777832921807,6.881156276605501,1
-0.7677027081028925,5.108274229622721,1
-6.195299616270145,-4.861534911885677,2
-3.1884236529219687,7.342207713117494,1
-6.809660888057818,-5.072340027865046,2
-7.934160928964801,-3.2334201372419953,2
-3.06762933390175,7.8063969793181505,1
-4.91822902175262,-1.477868329496311,0
-0.27059133128809365,7.9662483563703335,1
-7.25394520280416,-2.651176216758226,2
-6.503912809641749,0.8086140836006661,0
-3.415184670466331,7.730338914950528,1
-6.156479299838638,0.9041935762138771,0
-1.474247239616559,7.272214999652963,1
-2.2146999442768447,7.106481601683941,1
-7.745929246594752,-3.10316455416666,2
-4.814836821165812,-0.7917552469116724,0
-2.6372840474760615,4.9084862860579275,1
-6.436688719318453,-0.04411657524434781,0
-1.567357288182917,7.977911650878874,1
-6.663126871783739,-0.3190107971620947,0
-4.707004757833964,-4.618487964884445,2
-4.728203449224845,-1.6907372860806003,0
-5.038608914558612,1.091188593821132,0
-5.456902797026188,-0.9268545565387368,0
-8.950504307184003,-2.2649397656141117,2
-6.75028674793513,-2.7105857302899468,2
-7.6247468230336075,-3.2021167679872584,2
-3.253780507812459,7.567155844952427,1
-2.991059035340579,5.190465377237207,1
-7.4197799054448526,-3.3813031729487197,2
-1.2745080736030812,5.834547447419923,1
-3.216247696419032,7.16263388941273,1
-3.855065649070021,-4.50885459253779,2
-7.16698613984009,-3.835979684744272,2
0.5249118611652874,7.888531624401882,1
-2.566145352520892,5.48004582789703,1
0.22013522928121954,5.7411001390574015,1
-2.39429947877234,5.04980394941495,1
-2.153236088207051,7.41969565471127,1
-0.5054857286740255,6.835388091543344,1
-6.741287613465344,-3.058215759304197,2
-0.7889923459048697,5.637452157341842,1
-1.634572542080185,7.545183334783529,1
-1.470540809294606,8.394385834088787,1
-1.8960480903729793,7.63041497808796,1
-6.976932954864884,-2.489191779823094,2
-6.315257005737548,-3.7498452485966096,2
-4.039901558756159,-1.5935910661220734,0
-5.25069587583178,1.3645664425423394,0
-6.099740518414597,-0.7481408223210009,0
-5.578563873067733,-4.368384032332205,2
-6.209313049342677,0.20833434250007643,0
-6.453464578997716,3.552559630796403,0
-5.326437990821285,1.0564021788333913,0
-6.229230762951788,-2.9331586456882044,2
-4.044330011564159,0.5960389236342816,0
-4.857196421445966,6.84051325442639,1
-8.094776928502789,-3.7110957357963423,2
-4.555323979147829,-2.2494634602729726,2
-5.550380941854941,-3.2011145998597605,2
-1.380693136062912,5.610238820451701,1
-6.162875133196034,-1.6362223397751825,0
-7.399659244925685,-3.882420852741549,2
-6.4953245150885,-2.7965859042492798,2
0.21602169623947787,8.626289712551321,1
-4.869749482855658,-1.5796348000418037,2
-8.047540050441334,-2.6003468232376097,2
-4.758094991257597,-2.363976537717534,2
-7.257592363036985,-3.88055418561213,2
-0.8563718600570883,6.124810774403697,1
-2.7776798158652256,6.6256625012778745,1
-6.735221390307874,-3.584124224203791,2
-1.0450679564371859,7.6823467169552595,1
-6.144122948680863,0.7015273268203659,0
-7.336235150266006,-4.916692420773487,2
-2.979090487412118,6.1665394388977095,1
-8.729157072897316,-2.54430749505128,2
-3.008032022696349,6.444530920006223,1
-4.024607844559251,-1.0459865727041988,0
-6.855970778780191,0.9179237695990643,0
-5.70219253213542,1.6048906300599046,0
-1.0554479364134495,8.016368926251376,1
-5.358152507418432,-5.298690750281304,2
-5.684723156230561,-3.6713064217386133,2
-4.406108605820933,-2.8292998502435207,2
-2.5780239093894632,7.60176611344633,1
-0.15233202690139946,6.087548137862429,1
-7.692609867422642,-3.396414273487343,2
-0.26223840814200994,7.02769802438455,1
-1.3831355065945536,6.379933870793566,1
-5.305149286750966,-2.051143270875099,2
-7.198810928789656,-3.7029555079995533,2
-2.009724907676137,5.902855614996549,1
-6.894624462652889,-0.5304346499702242,0
-2.5033243230735702,8.509333543069975,1
-6.962434038228607,-5.933804461225075,2
-5.160537947233003,0.17381656429765857,0
-2.6611465972146897,8.28690952921805,1
-4.749602398003655,-4.8914328207566875,2
-5.85461328691445,-2.0805849408940054,2
-5.8670015381942395,-2.6213451575717337,2
-6.007320804324481,-2.023263489961339,0
-2.0136813879271074,7.532919846765033,1
-2.438572929222171,6.288191602923338,1
-3.9587876591474234,0.5906506337839573,0
-2.2874989960147545,5.471888445799702,1
-0.21876342349874034,7.6421284138676855,1
-1.6110284223573828,8.767439147840586,1
-6.985130314484426,-1.963248040788331,2
-4.896417360087039,0.43927097390580894,0
-8.11539807319683,-3.4245700363054534,2
-5.31762155778229,0.6162536514122073,0
-4.627637867419116,-3.0229727972862803,2
-9.093748746323293,-3.7739113339465824,2
0.023217854610870114,7.648491108985967,1
-5.392584820819714,0.049321863903437124,0
-9.276477912225959,-3.8230714202679055,2
-5.376690149503079,0.2515409677577124,0
-6.160993637289212,-3.6029911529174,2
-0.5899010016515983,7.124794329847739,1
-4.677462773214372,-0.41429550401967774,0
-2.1637592722399535,6.791462879486224,1
-0.4012962395707085,6.797577717022082,1
-7.121166043399341,-2.2733301714968723,2
-6.747719505929537,-2.346284489244203,2
-1.2379153983899958,7.340605435258541,1
-5.677550748494111,-2.401951775467066,2
-7.2936596557934195,-3.2241171064277796,2
-7.052164844380894,1.4363696606126115,0
-4.9521349599497375,0.8585420646525777,0
-6.456791536449065,-4.550055151644497,2
-5.737099989909455,-5.2586991307104505,2
-0.6311733396490204,8.685058837269125,1
1.436944396280241,8.619536954413821,1
-1.046819926644972,5.552258429031302,1
-2.3870153075946186,6.379757225304896,1
-5.728329083319149,-1.0759398820862085,2
-0.8434674697561161,7.381186320787947,1
-3.453681263062281,5.881188242507902,1
-1.3872135599409074,4.9720414810832985,1
-1.842958454454731,6.77610535334061,1
-5.543474045373795,-3.5329882138052664,2
-7.088497570993145,-2.9436957049466614,2
-7.483558426685245,-0.9746399818393104,0
-4.393022030819079,-2.4195085699645595,0
-0.5397584194361316,6.360106009821792,1
-0.3643784611127321,7.174082665412392,1
-6.442458703908171,-1.2073124322669715,0
-2.6566025048657567,0.2884828859567027,0
-6.554885863998772,-1.210686573726083,0
-1.0249555823301495,8.465150188374384,1
-3.448658578454801,7.043376512301498,1
-7.5067681991826865,-1.0218431650013466,0
-5.419395150866068,-1.5545402715381487,0
-5.07273771417037,-4.105190023776423,2
-5.4048178276371495,0.7744748499741836,0
-5.867525340515639,-2.7012444189625593,2
1.1236422352497262,7.142027872938542,1
-6.424287844233729,-0.8351161531935666,0
-5.386933790803428,-0.024985437761020135,0
-3.2374283232235035,-0.11720143912909148,0
-4.796045873212469,-0.8530873006229897,0
-8.427897274111439,-2.979007755038998,2
-7.263645584500897,-2.542020359458146,2
-6.3390837023712425,-1.5877687648878949,0
-8.277623457975233,-0.2529939935186204,0
-6.706495615949877,-0.7307835625806968,0
-2.146187165134444,7.643705467924792,1
-6.600237224878722,-3.392702948914427,2
-6.236783291189982,-3.376680582797741,2
-1.1206299347761646,6.735007564034339,1
-7.865256504269917,-3.8887631690730564,2
-7.234433030436135,-1.4848934053717793,2
-5.9022870463898505,-0.5965061929635668,0
-7.417654633630992,-2.9926360627652353,2
-0.34174869426912524,6.248396973087319,1
-2.2838663980066203,6.167549141132704,1
-7.083976712945029,1.345111314840455,0
-7.593012314762375,-1.0815754810041303,0
-0.722208055744451,8.980086507637568,1
-5.593946679455335,-3.1009624632899224,2
-4.298601984090433,-5.186686255068146,2
-1.5927264140194985,5.993698803201359,1
-3.934934548166493,6.292519922135408,1
-3.162713055953142,5.219164164871477,1
-6.387293845721975,-3.497476891518371,2
-7.670174996364177,0.11959590369730366,0
-1.793918937987624,5.308462118797739,1
-2.714942768189134,8.142847194210947,1
0.06825902146073437,8.652422263038314,1
-1.3415650130120103,7.945480752087216,1
-1.4323889758470463,7.004942730852295,1
-3.109836478720304,8.174220223073092,1
-6.919497832717841,-1.4035318137895556,2
-2.116898801665867,6.05067944564066,1
-5.2994941262143875,-4.372907625111328,2
-5.604938490178137,-2.743419103830439,2
-7.275983949311774,1.548379255477614,0
-8.8423298953392,-1.4767008295702084,2
-8.093393111142502,-2.947368040731217,2
-6.303835791069506,-4.005326391561866,2
-7.471217236382959,-4.379655206506396,2
-2.071529102843738,8.457398509356347,1
-4.713981973220709,-2.8393254876557465,2
-7.008234048806518,-1.8245395564929705,0
-6.090906299677518,-0.3458365710598786,0
-1.8798205497138822,7.647205434772771,1
0.7350925176870491,8.835750918426239,1
-1.5764986836175907,4.38237026598948,1
-8.312483689197936,-4.772397765921287,2
-0.374225316207226,7.746225275138056,1
-5.561644683573309,-1.5544136646741782,0
-1.9529923892519847,7.015016415872444,1
-0.7973241632722211,6.657124522194899,1
-4.673466932539956,2.16660898112882,0
-2.049911854164602,6.733889909886123,1
-6.747856205636142,-2.1624586745445344,2
-4.589972927559826,0.25704585827662163,0
-6.854502865897416,0.6515962771290125,0
-6.874727563106952,-0.4421866727374355,2
-7.547508259582494,-4.997669904497515,2
-6.537648062030073,-1.1571907413656914,2
-5.792062062415357,-2.0072812733345136,2
-1.7369611880330686,8.806413213261084,1
-7.596002477129366,0.019011890664244246,0
-6.1934619483433035,-0.9224657852227937,0
-6.894244193243839,-2.834234939996446,2
-7.126239061766806,-3.403944712830155,2
-6.5133410719740406,-0.6944818627069778,0
-6.57523894629686,0.28395227714419313,2
-2.1740095575898315,8.0209984083931,1
0.15182990715245426,6.674386823651709,1
-4.579852240675791,-0.8781944980041831,0
0.47505533765912666,8.455107160995306,1
-7.2142566610863454,-0.4869426900009888,2
-2.401180260423021,7.07429019386462,1
-3.626129749350521,7.003127566040256,1
-5.446489445027501,-1.6678011524798741,0
-7.094491280168253,2.6530874245589047,0
-2.227538353935051,6.655514028682621,1
-4.044273655538079,1.6255856738459116,0
-7.495859068138009,-3.410763317632533,2
-7.00341222649783,-6.010223620199494,2
-4.972553996120366,0.18689826664276454,0
-4.995262326121332,-0.24834301734176922,0
-2.2485709822516573,5.892856813392216,1
-7.632370874410814,-4.280955608347469,2
-4.714306535208431,2.7629435181844935,0
-3.719183866408063,-0.689523364625481,0
-6.740823792373844,2.2661914623376473,0
-2.2702367331296984,7.580018324042238,1
-0.4336048265653978,8.104687420413601,1
-7.604362049691849,-2.819397307779512,2
-5.804012505715433,-6.100961564661338,2
-8.28155568531303,-1.62813112722091,0
-5.8958581276023185,-3.915963610615842,2
-8.017723023905008,-3.0284533837223178,2
-6.0263313077446785,-0.1701346892630581,0
-6.577197615695435,0.8893931044663779,0
-6.419096533027732,-1.6921379237942922,2
-5.037505037468117,-1.2759498088381316,0
-7.588988670629935,-3.685811776915682,2
-7.851417332226406,-2.8075780030165687,2
-5.626563692118659,-1.3896357751518664,2
-8.386798744754078,-0.5406057796986793,0
-0.671315768560915,7.5943011785610866,1
-0.2950034221600133,8.015892375711935,1
-7.119981073532321,-3.684767399789494,2
-6.974738381459118,-5.072629875840006,2
-6.592295125626021,-2.2193434804829364,2
-6.689820125886181,0.45764285605105093,0
-6.883163129006772,-2.6412112938231025,2
-1.4526901913801156,4.737844204752122,1
-1.9173228864385283,6.155470985516063,1
-5.226180914439082,0.4800154587329841,0
0.32035874971701417,7.944960939066225,1
-6.5463890720527775,-0.8936243484644878,0
-5.072448648150113,-2.183714255066884,2
-8.20204650416672,-2.606594592851233,2
-1.6810898209971603,6.173679579424428,1
-6.940602836784502,-4.1947866711649135,2
-1.6446856855152532,9.598115372179088,1
-5.588818151832415,-0.09678152207237439,0
-6.7161441632135865,-3.8199880046497006,2
-5.326218750673234,-4.024091692487825,2
-6.784657082352277,0.741404048779194,0
-5.353722343140133,-2.60721044349901,2
-6.084023633064823,-0.266031093855017,0
-6.966311664462744,1.289488954790349,0
-1.2431742035160205,6.500403170870749,1
-4.918343094249727,-0.35257441326602473,0
-5.48217156790248,-2.488741787690281,0
-2.6961912466440996,6.308761250826249,1
-1.065830454148517,7.361264878830045,1
-5.815397903238624,-1.8444374353586848,0
-6.0699734340634315,-4.144538810093655,2
-6.466503539980255,-3.4041495481202393,2
-6.9872233180612175,-1.933117533378357,2
-1.6089918170086805,7.522010607550485,1
-4.053518802275349,-4.202718276265086,2
-0.5313746559917052,8.978100447198901,1
-5.912734961931174,1.0471639204328347,0
-6.977222024217256,-1.6392123463193582,0
-7.805800341099779,-2.5772740851432587,2
-7.050533768114591,-2.365462568673381,2
-7.6819175252102765,-3.905643896762836,2
-7.1009923181359715,0.9007881318592776,0
-2.4713682498803866,10.725553087491074,1
-2.7753258984925973,5.595414412009365,1
-1.011679799534176,5.252382195819197,1
-7.510647246971522,-0.5734110787007358,0
-3.0359877716280472,6.371640592178917,1
-2.655130551462035,6.637307540117597,1
-2.0545481402317165,7.596100007530195,1
-2.068774349982102,7.6404884857479844,1
-5.399195886605156,0.838438240015599,0
-1.703065869873189,7.216350176057122,1
-6.390786397623809,-0.5766739069153024,2
-2.275729488974614,5.64376760485798,1
-6.762177645569151,-2.4839983385615803,2
-2.4355680787076515,8.553313527467488,1
-5.996434798525572,-1.1803168483062696,0
0.2040702953355169,7.392613088853423,1
-4.867444240984304,0.7804891331869184,0
-5.075837378965506,-3.2341397698733534,2
-6.584815252777399,-0.8157107012504508,2
-6.81639638164821,-0.432941609913509,0
-5.021349173615937,-3.618858096490293,2
-5.886255167541778,-4.809756355506796,2
-3.8722803975350666,-1.9399436990483006,0
-0.12374149643016907,5.3751696780864,1
-5.6785349491964245,-2.0976601331360984,2
-7.455270390703523,-4.22770672589296,2
-4.298810589098024,-1.5807211477041463,0
-2.500918328420013,8.69763699075618,1
-5.01889262333549,-1.214175580324556,0
-4.013640440923375,-0.8627306392564333,0
-0.5214285694367036,7.199002186755595,1
-1.6115160231966077,7.366704958078561,1
-1.6864452504491518,7.2296437031573095,1
-6.108536166351003,-4.498397087105795,2
-7.330154121851852,-3.0315656917626064,2
0.00969373452063027,5.812457645928857,1
-1.7647502963768815,7.13746560750372,1
-0.8305271962221572,5.1432172916597665,1
-4.769649665031984,-0.5721302071119074,0
-7.174993185251955,-1.8096837267447619,0
-7.5110465576054395,-1.570249279713001,0
-4.6212155247600375,-2.09649128410938,0
-5.828845793965394,-1.251417916522235,0
-1.585007699781623,7.807855643776035,1
-1.4985614310587492,7.9413896983203776,1
-6.446800608552903,-0.41221084053801527,0
-4.456393823080411,0.029586538012996377,0
-5.636680106651265,-0.16235879606288278,0
-1.680170943571625,7.716226577206477,1
-1.4283320541539235,6.584515356300989,1
0.2018512548909881,8.115485684028348,1
-6.35924479228387,-2.2114759343852715,2
-6.906947423109103,-3.364637484494705,2
-4.147955971405976,-3.4898330802820214,0
-3.8803559484974786,8.257444982359676,1
-6.400008347134264,-2.973111207867123,2
-5.655193667080634,-3.372516225406972,2
-0.1716268487994863,6.052563637981687,1
-1.5538036244328812,4.020361413540032,1
-7.3373057791899425,-4.906883968924128,2
-6.290639133470045,-0.03018204006508124,0
-2.036492814588765,5.531180608147468,1
-5.444158704372951,-1.2177400856432166,0
-2.8336356160320597,8.521203638994592,1
-5.013148542877664,2.1338183221356877,0
-1.7375008038828952,8.07866299336305,1
-6.781959616596948,-1.9364963649495424,0
-8.365642728041774,0.30049049546482565,0
-4.3169137668806785,4.123371822655637,1
-1.8564171841815782,7.776245569693046,1
-7.04374567901586,-1.0574484638619672,0
-3.2811230329845067,7.344950214286151,1
-1.1210415223322332,6.508127621540123,1
